TrialNumber,Trial,Reciprocate,Partner,ITI,cLeft,ISI,cRight,ran,order,onset,bpress,resp,resp_onset,highlow,rt,ISIpad,ISI_onset,ISI_offset,outcome_onset,outcome_offset,duration,ITI_onset,ITI_offset
1,1,0,3,3,0,0.5,3,1.0,0.0,4.03523,999.0,999.0,7.03711,999.0,0.0,0.0,7.0673,9.2841,999.0,999.0,994.965,11.3036,14.2842
2,2,1,2,4,0,0.5,3,1.0,1.0,14.3279,2.0,0,17.1237,low,2.79576,0.204238,17.6476,19.5765,19.5766,21.5895,7.26162,21.5898,25.5777
3,3,1,2,3,3,1,0,1.0,2.0,25.6252,3.0,0,28.078,low,2.45286,0.547145,28.6009,31.3739,31.374,33.3769,7.75175,33.3772,36.374
4,4,1,3,2,3,1,0,1.0,3.0,36.3789,3.0,0,38.7133,low,2.33439,0.665614,39.2372,42.1282,42.1284,44.1463,7.76736,44.1466,46.1274
5,5,1,2,4,3,0.5,0,1.0,4.0,46.1657,3.0,0,48.8664,low,2.70072,0.299277,49.3897,51.4146,51.4147,53.4326,7.26694,53.4329,57.4148
6,6,0,3,2,0,1,3,1.0,5.0,57.4266,2.0,0,59.2695,low,1.84286,1.15714,59.7936,63.1759,63.1761,65.186,7.75944,65.1863,67.1761
