TrialNumber,Trial,Reciprocate,Partner,ITI,cLeft,ISI,cRight,ran,order,onset,bpress,resp,resp_onset,highlow,rt,ISIpad,ISI_onset,ISI_offset,outcome_onset,outcome_offset,duration,ITI_onset,ITI_offset
1,1,0,3,3,0,0.5,3,1.0,0.0,4.03318,999.0,999.0,7.03557,999.0,0.0,0.0,7.065,9.28203,999.0,999.0,994.967,11.3025,14.2822
2,2,1,2,4,0,0.5,3,1.0,1.0,14.3248,999.0,999.0,17.3385,999.0,0.0,0.0,17.3719,19.5744,999.0,999.0,984.675,21.5888,25.5736
3,3,1,2,3,3,1,0,1.0,2.0,25.617,999.0,999.0,28.6252,999.0,0.0,0.0,28.6545,31.3658,999.0,999.0,973.383,33.3752,36.366
4,4,1,3,2,3,1,0,1.0,3.0,36.3708,2.0,3,38.1119,high,1.74108,1.25892,38.6351,42.1202,42.127,44.1452,7.77443,44.1455,46.1203
5,5,1,2,4,3,0.5,0,1.0,4.0,46.1578,3.0,0,47.9813,low,1.82351,1.17649,48.5053,51.4075,51.4077,53.4146,7.25678,53.4149,57.4077
6,6,0,3,2,0,1,3,1.0,5.0,57.4197,3.0,3,59.6514,high,2.2317,0.768299,60.1749,63.1689,63.1738,65.184,7.76432,65.1843,67.1691
